Workbook

Sheet Weekly
A1: week_date | B1: price | C1: surcharge_per_mile | D1: fleet_gallons | E1: fleet_fuel_cost | F1: fuel_cost_per_mile
A2: 45929 | B2: 3.731 | C2: =ROUND((B2-BasePrice)/MPG,2) -> 0.4 | D2: =Tractors*MilesPerWeek/MPG -> 12983.871 | E2: =D2*B2 -> 48442.823 | F2: =B2/MPG -> 0.60177419
A3: 45936 | B3: 3.67 | C3: =ROUND((B3-BasePrice)/MPG,2) -> 0.39 | D3: =Tractors*MilesPerWeek/MPG -> 12983.871 | E3: =D3*B3 -> 47650.806 | F3: =B3/MPG -> 0.59193548
A4: 45943 | B4: 3.606 | C4: =ROUND((B4-BasePrice)/MPG,2) -> 0.38 | D4: =Tractors*MilesPerWeek/MPG -> 12983.871 | E4: =D4*B4 -> 46819.839 | F4: =B4/MPG -> 0.5816129
A5: 45950 | B5: 3.564 | C5: =ROUND((B5-BasePrice)/MPG,2) -> 0.37 | D5: =Tractors*MilesPerWeek/MPG -> 12983.871 | E5: =D5*B5 -> 46274.516 | F5: =B5/MPG -> 0.57483871
A6: 45957 | B6: 3.715 | C6: =ROUND((B6-BasePrice)/MPG,2) -> 0.4 | D6: =Tractors*MilesPerWeek/MPG -> 12983.871 | E6: =D6*B6 -> 48235.081 | F6: =B6/MPG -> 0.59919355
A7: 45964 | B7: 3.773 | C7: =ROUND((B7-BasePrice)/MPG,2) -> 0.41 | D7: =Tractors*MilesPerWeek/MPG -> 12983.871 | E7: =D7*B7 -> 48988.145 | F7: =B7/MPG -> 0.60854839
A8: 45971 | B8: 3.891 | C8: =ROUND((B8-BasePrice)/MPG,2) -> 0.43 | D8: =Tractors*MilesPerWeek/MPG -> 12983.871 | E8: =D8*B8 -> 50520.242 | F8: =B8/MPG -> 0.62758065
A9: 45978 | B9: 3.913 | C9: =ROUND((B9-BasePrice)/MPG,2) -> 0.43 | D9: =Tractors*MilesPerWeek/MPG -> 12983.871 | E9: =D9*B9 -> 50805.887 | F9: =B9/MPG -> 0.63112903
A10: 45985 | B10: 3.85 | C10: =ROUND((B10-BasePrice)/MPG,2) -> 0.42 | D10: =Tractors*MilesPerWeek/MPG -> 12983.871 | E10: =D10*B10 -> 49987.903 | F10: =B10/MPG -> 0.62096774
A11: 45992 | B11: 3.755 | C11: =ROUND((B11-BasePrice)/MPG,2) -> 0.4 | D11: =Tractors*MilesPerWeek/MPG -> 12983.871 | E11: =D11*B11 -> 48754.435 | F11: =B11/MPG -> 0.60564516
A12: 45999 | B12: 3.635 | C12: =ROUND((B12-BasePrice)/MPG,2) -> 0.38 | D12: =Tractors*MilesPerWeek/MPG -> 12983.871 | E12: =D12*B12 -> 47196.371 | F12: =B12/MPG -> 0.58629032
A13: 46006 | B13: 3.567 | C13: =ROUND((B13-BasePrice)/MPG,2) -> 0.37 | D13: =Tractors*MilesPerWeek/MPG -> 12983.871 | E13: =D13*B13 -> 46313.468 | F13: =B13/MPG -> 0.57532258
... A53: 46286 | B53: 6.68 | C53: =ROUND((B53-BasePrice)/MPG,2) -> 0.88 | D53: =Tractors*MilesPerWeek/MPG -> 12983.871 | E53: =D53*B53 -> 86732.258 | F53: =B53/MPG -> 1.0774194
A54: TOTAL / AVERAGE | B54: =AVERAGE(B2:B53) -> 4.5786923 | C54: =AVERAGE(C2:C53) -> 0.53711538 | D54: =SUM(D2:D53) -> 675161.29 | E54: =SUM(E2:E53) -> 3091355.8 | F54: =AVERAGE(F2:F53) -> 0.73849876
A56: Prices: EIA series EMD_EPD2D_PTE_R20_DPG, Midwest PADD 2 weekly retail on-highway diesel (proxy for Indiana), $/gal; typed from eia_prices.csv, retrieved 2026-10-16. Row 54: price, surcharge and fuel cost per mile are averages; gallons and fleet cost are 52-week sums.

Sheet Inputs
A1: Input | B1: Value | C1: Name | D1: Source / note
A2: Tractors | B2: 35 | C2: Tractors | D2: Given in task (35 Class 8 tractors)
A3: Miles per tractor per week | B3: 2300 | C3: MilesPerWeek | D3: Given in task
A4: Fuel economy (mpg) | B4: 6.2 | C4: MPG | D4: Given in task (6.2 mpg)
A5: Base (peg) price, $/gal | B5: 1.25 | C5: BasePrice | D5: Given in task ($1.25 base)
A6: Weeks in window | B6: 52 | C6: Weeks | D6: Given in task (52 weeks)
A7: Band step, $/gal | B7: 0.05 | C7: BandStep | D7: Given in task (5-cent bands)
A8: Band start, $/gal | B8: 3 | C8: BandStart | D8: Given in task ($3.00 to $5.00)
A9: Fleet miles per week (derived) | B9: =Tractors*MilesPerWeek -> 80500 | C9: FleetMilesWeek | D9: 35 x 2,300 = 80,500 miles
A10: Fleet gallons per week (derived) | B10: =FleetMilesWeek/MPG -> 12983.871 | C10: FleetGallonsWeek | D10: 80,500 / 6.2 = 12,983.87 gallons
A12: Legend: blue = typed input (edit here); black = formula. All Weekly/Bands formulas read these named cells.
A13: Price series: EIA weekly retail on-highway diesel, all types, Midwest PADD 2, used as a proxy for Indiana (assumption).
A15: ATRI inputs (typed once; Summary links here)
A16: ATRI total marginal cost per mile, $ (2025 cost year) | B16: 2.336 | C16: ATRI Operational Costs of Trucking 2026 Update (cost year 2025), released 15 July 2026; https://truckingresearch.org/about-atri/atri-research/operational-costs-of-trucking
A17: ATRI fuel cost per mile, $ (2025 cost year) | B17: 0.482 | C17: ATRI Operational Costs of Trucking 2026 Update (cost year 2025), released 15 July 2026; https://truckingresearch.org/about-atri/atri-research/operational-costs-of-trucking

Sheet Bands
A1: lower_bound | B1: band_label | C1: surcharge_per_mile
A2: =BandStart -> 3 | B2: ="$"&TEXT(A2,"0.00")&"-"&TEXT(A2+BandStep-0.001,"0.000") -> $3.00-3.049 | C2: =ROUND((A2-BasePrice)/MPG,2) -> 0.28
A3: =ROUND(A2+BandStep,2) -> 3.05 | B3: ="$"&TEXT(A3,"0.00")&"-"&TEXT(A3+BandStep-0.001,"0.000") -> $3.05-3.099 | C3: =ROUND((A3-BasePrice)/MPG,2) -> 0.29
A4: =ROUND(A3+BandStep,2) -> 3.1 | B4: ="$"&TEXT(A4,"0.00")&"-"&TEXT(A4+BandStep-0.001,"0.000") -> $3.10-3.149 | C4: =ROUND((A4-BasePrice)/MPG,2) -> 0.3
A5: =ROUND(A4+BandStep,2) -> 3.15 | B5: ="$"&TEXT(A5,"0.00")&"-"&TEXT(A5+BandStep-0.001,"0.000") -> $3.15-3.199 | C5: =ROUND((A5-BasePrice)/MPG,2) -> 0.31
A6: =ROUND(A5+BandStep,2) -> 3.2 | B6: ="$"&TEXT(A6,"0.00")&"-"&TEXT(A6+BandStep-0.001,"0.000") -> $3.20-3.249 | C6: =ROUND((A6-BasePrice)/MPG,2) -> 0.31
A7: =ROUND(A6+BandStep,2) -> 3.25 | B7: ="$"&TEXT(A7,"0.00")&"-"&TEXT(A7+BandStep-0.001,"0.000") -> $3.25-3.299 | C7: =ROUND((A7-BasePrice)/MPG,2) -> 0.32
A8: =ROUND(A7+BandStep,2) -> 3.3 | B8: ="$"&TEXT(A8,"0.00")&"-"&TEXT(A8+BandStep-0.001,"0.000") -> $3.30-3.349 | C8: =ROUND((A8-BasePrice)/MPG,2) -> 0.33
A9: =ROUND(A8+BandStep,2) -> 3.35 | B9: ="$"&TEXT(A9,"0.00")&"-"&TEXT(A9+BandStep-0.001,"0.000") -> $3.35-3.399 | C9: =ROUND((A9-BasePrice)/MPG,2) -> 0.34
A10: =ROUND(A9+BandStep,2) -> 3.4 | B10: ="$"&TEXT(A10,"0.00")&"-"&TEXT(A10+BandStep-0.001,"0.000") -> $3.40-3.449 | C10: =ROUND((A10-BasePrice)/MPG,2) -> 0.35
A11: =ROUND(A10+BandStep,2) -> 3.45 | B11: ="$"&TEXT(A11,"0.00")&"-"&TEXT(A11+BandStep-0.001,"0.000") -> $3.45-3.499 | C11: =ROUND((A11-BasePrice)/MPG,2) -> 0.35
A12: =ROUND(A11+BandStep,2) -> 3.5 | B12: ="$"&TEXT(A12,"0.00")&"-"&TEXT(A12+BandStep-0.001,"0.000") -> $3.50-3.549 | C12: =ROUND((A12-BasePrice)/MPG,2) -> 0.36
A13: =ROUND(A12+BandStep,2) -> 3.55 | B13: ="$"&TEXT(A13,"0.00")&"-"&TEXT(A13+BandStep-0.001,"0.000") -> $3.55-3.599 | C13: =ROUND((A13-BasePrice)/MPG,2) -> 0.37
A14: =ROUND(A13+BandStep,2) -> 3.6 | B14: ="$"&TEXT(A14,"0.00")&"-"&TEXT(A14+BandStep-0.001,"0.000") -> $3.60-3.649 | C14: =ROUND((A14-BasePrice)/MPG,2) -> 0.38
... A41: =ROUND(A40+BandStep,2) -> 4.95 | B41: ="$"&TEXT(A41,"0.00")&"-"&TEXT(A41+BandStep-0.001,"0.000") -> $4.95-4.999 | C41: =ROUND((A41-BasePrice)/MPG,2) -> 0.6
A42: =ROUND(A41+BandStep,2) -> 5 | B42: $5.00 and above | C42: =ROUND((A42-BasePrice)/MPG,2) -> 0.6
A44: Surcharge computed at the band lower-bound price: ROUND((price - base)/mpg, 2). Assumption per working interpretation. The 0.001 in the label is a display offset only.

Sheet Summary
A1: Metric | B1: Value | C1: Note / source
A2: Weeks in window | B2: =COUNT(Weekly!B2:B53) -> 52 | C2: Count of Weekly price rows
A3: Window start (week_date) | B3: =MIN(Weekly!A2:A53) -> 45929 | C3: First Monday in Weekly
A4: Window end / latest week (week_date) | B4: =MAX(Weekly!A2:A53) -> 46286 | C4: Latest week in the saved EIA page (released 9/22/2026); newer releases not fetched
A5: Average price, $/gal | B5: =AVERAGE(Weekly!B2:B53) -> 4.5786923 | C5: EIA EMD_EPD2D_PTE_R20_DPG
A6: Highest weekly price, $/gal | B6: =MAX(Weekly!B2:B53) -> 6.68
A7: Highest week (date) | B7: =INDEX(Weekly!A2:A53,MATCH(B6,Weekly!B2:B53,0)) -> 46286 | C7: INDEX/MATCH (first match)
A8: Lowest weekly price, $/gal | B8: =MIN(Weekly!B2:B53) -> 3.365
A9: Lowest week (date) | B9: =INDEX(Weekly!A2:A53,MATCH(B8,Weekly!B2:B53,0)) -> 46034 | C9: INDEX/MATCH (first match)
A10: Average surcharge, $/mile | B10: =AVERAGE(Weekly!C2:C53) -> 0.53711538 | C10: Mean of weekly rounded surcharges
A11: Highest surcharge, $/mile | B11: =MAX(Weekly!C2:C53) -> 0.88
A12: Lowest surcharge, $/mile | B12: =MIN(Weekly!C2:C53) -> 0.34
A13: Annual fleet gallons (52 weeks) | B13: =SUM(Weekly!D2:D53) -> 675161.29
A14: Annual fleet fuel cost (52 weeks), $ | B14: =SUM(Weekly!E2:E53) -> 3091355.8 | C14: No discounts
A15: Average fuel cost per mile, $ (carrier, 52 wk) | B15: =B14/(FleetMilesWeek*Weeks) -> 0.73849876 | C15: Annual fuel cost / (80,500 miles x 52) = avg price / 6.2
A16: ATRI total marginal cost per mile, $ (2025 cost year) | B16: =Inputs!$B$16 -> 2.336 | C16: ATRI An Analysis of the Operational Costs of Trucking: 2026 Update, released 15 July 2026; read from abstract (TRID) https://trid.trb.org/View/2727686 and https://truckingresearch.org/about-atri/atri-research/operational-costs-of-trucking; retrieved 2026-10-16
A17: ATRI fuel cost per mile, $ (2025 cost year) | B17: =Inputs!$B$17 -> 0.482 | C17: Same source: 48.2 cents per mile; released 15 July 2026; retrieved 2026-10-16
A18: ATRI fuel share of marginal cost | B18: =B17/B16 -> 0.20633562 | C18: Derived: 0.482 / 2.336
A19: Carrier minus ATRI fuel cost per mile, $ | B19: =B15-B17 -> 0.25649876 | C19: Positive = carrier above ATRI fuel benchmark
A20: Carrier / ATRI fuel cost per mile | B20: =B15/B17 -> 1.5321551 | C20: Ratio
A21: Carrier fuel cost per mile as share of ATRI total marginal cost | B21: =B15/B16 -> 0.31613817 | C21: Comparison only; ATRI total includes non-fuel costs
A23: Caveat: ATRI fuel cost reflects ATRI survey fuel prices and fleet mpg for cost year 2025 (not 6.2 mpg, not Midwest PADD 2 prices); carrier figure covers the 52 weeks to the latest week above.

Sheet Sources
A1: Item | B1: Detail
A2: EIA series ID | B2: EMD_EPD2D_PTE_R20_DPG
A3: EIA series name | B3: Weekly Midwest No 2 Diesel Retail Prices (Dollars per Gallon) - PADD 2 proxy for Indiana (assumption)
A4: EIA URL | B4: https://www.eia.gov/dnav/pet/hist/LeafHandler.ashx?n=PET&s=EMD_EPD2D_PTE_R20_DPG&f=W
A5: EIA retrieved date | B5: 2026-10-16
A6: EIA page release date | B6: 9/22/2026 (saved page); EIA summary page shows later releases 9/29/2026 and 10/6/2026 that were NOT fetched
A7: EIA window | B7: 2025-09-29 to 2026-09-21 (52 Mondays)
A8: Indiana state series | B8: MISSING - none seen on the EIA pages read; Midwest PADD 2 used instead
A9: ATRI edition | B9: An Analysis of the Operational Costs of Trucking: 2026 Update (cost year 2025), released 15 July 2026
A10: ATRI URL (report page) | B10: https://truckingresearch.org/about-atri/atri-research/operational-costs-of-trucking
A11: ATRI URL (abstract) | B11: https://trid.trb.org/View/2727686
A12: ATRI URL (press release) | B12: https://truckingresearch.org/2026/07/new-atri-report-details-accelerating-costs-and-low-profitability-despite-cuts
... A15: Fleet inputs | B15: Given in the task: 35 tractors, 2,300 miles/week, 6.2 mpg, $1.25 base
