Workbook

Sheet Assumptions
A1: Assumptions - all figures are ESTIMATES from public list prices, not quotes. Scenario columns: Low / Base / High. Edit blue cells.
A3: Parameter | B3: Low | C3: Base | D3: High | E3: Source / note
A4: Tenants | B4: 50 | C4: 50 | D4: 50 | E4: Given in task
A5: GB raw per tenant | B5: 200 | C5: 200 | D5: 200 | E5: Given in task (50 x 200 = 10,000 GB raw)
A6: Peak queries per minute, all tenants | B6: 5000 | C6: 5000 | D6: 5000 | E6: Given in task (combined peak)
A7: Peak queries per second | B7: =6/60 -> 0.1 | C7: =B7 -> 0.1 | D7: =B7 -> 0.1 | E7: 5,000 / 60 = 83.3
A8: Hours per month | B8: 730 | C8: 730 | D8: 730 | E8: ASSUMPTION: 730 h/month
A9: vCPU-seconds per analytic query | B9: 0.2 | C9: 0.4 | D9: 0.8 | E9: ASSUMPTION [unverified]: no engine test exists (step 7 was proxy only), so widened 4x
A10: Target peak CPU utilisation | B10: 0.6 | C10: 0.6 | D10: 0.5 | E10: ASSUMPTION [unverified]
A11: Read replicas / read-serving secondaries (beyond primary) | B11: 1 | C11: 2 | D11: 3 | E11: ASSUMPTION: hot set 10-20% of footprint is spread over primary + replicas
A12: PostgreSQL storage footprint factor (x raw) | B12: 1.25 | C12: 1.375 | D12: 1.5 | E12: Role-card range 1.25-1.5x (indexes, bloat, WAL headroom)
A13: MongoDB footprint factor before indexes (x raw) | B13: 0.5 | C13: 0.75 | D13: 1 | E13: Role-card range 0.5-1.0x (compression). No real-engine ratio exists, proxy sizes NOT used
A14: MongoDB index add-on (fraction of data) | B14: 0.1 | C14: 0.15 | D14: 0.25 | E14: ASSUMPTION [unverified]
A15: Backup storage held (x data footprint) | B15: 0.5 | C15: 1 | D15: 1.5 | E15: ASSUMPTION [unverified]: retention/incrementals; no free allowance assumed
A16: EU region price premium vs US list (applied x EU share) | B16: 0 | C16: 0.08 | D16: 0.15 | E16: ASSUMPTION [unverified]; Atlas backup rows in [S113] show 0% (eu-west-1) to 6.5% (eu-central-1)
A17: Two-region overhead (share of compute) when EU share < 100% | B17: 0.05 | C17: 0.1 | D17: 0.15 | E17: ASSUMPTION: separate EU and non-EU deployments duplicate standby/min sizes
A18: Dashboard egress GB per month | B18: 1000 | C18: 2000 | D18: 5000 | E18: ASSUMPTION [unverified]
A19: Inter-region transfer GB per month (only if EU share < 100%) | B19: 0 | C19: 500 | D19: 2000 | E19: ASSUMPTION [unverified]
... A25: AlloyDB GiB memory per vCPU | B25: 8 | C25: 8 | D25: 8 | E25: ASSUMPTION (AlloyDB 8 GB/vCPU ratio)

Sheet Prices
A1: Prices - public list prices, retrieved 2026-10-22 (America/Chicago). Estimates, not quotes.
A3: Provider | B3: Item | C3: Unit | D3: USD price | E3: Source / status | F3: URL | G3: Date retrieved
A4: Atlas (AWS/GCP) | B4: Dedicated M50 8 vCPU 32 GB, 160 GB-4 TB | C4: USD/hour | D4: 2 | E4: [S113] S70 tier table; cloud/region of base price not stated | F4: https://www.mongodb.com/pricing | G4: 2026-10-22
A5: Atlas (AWS/GCP) | B5: Dedicated M60 16 vCPU 64 GB, 320 GB-4 TB | C5: USD/hour | D5: 3.95 | E5: [S113] S70 tier table | F5: https://www.mongodb.com/pricing | G5: 2026-10-22
A6: Atlas (AWS/GCP) | B6: Dedicated M80 32 vCPU 128 GB, 750 GB-4 TB | C6: USD/hour | D6: 7.3 | E6: [S113] S70 tier table | F6: https://www.mongodb.com/pricing | G6: 2026-10-22
A7: Atlas | B7: Max dedicated-cluster storage (forces sharding for >4 TB) | C7: GB | D7: 4000 | E7: [S74] S70 page: 10 GB to 4 TB | F7: https://www.mongodb.com/pricing | G7: 2026-10-22
A8: Atlas (AWS) | B8: Per-GB-month row for eu-west-1/us-east-1 (column heading not confirmed; used as backup storage) | C8: USD/GB-month | D8: 0.048 | E8: [S113] S70 region table; meaning UNVERIFIED | F8: https://www.mongodb.com/pricing | G8: 2026-10-22
A9: AWS RDS PostgreSQL | B9: Memory-optimised instance, single-AZ, per vCPU | C9: USD/vCPU-hour | D9: 0.125 | E9: ASSUMPTION [unverified]: hourly table not found [S57]; replace from AWS calculator | F9: https://aws.amazon.com/rds/postgresql/pricing/ | G9: 2026-10-22
A10: AWS RDS PostgreSQL | B10: gp3 storage, single-AZ | C10: USD/GB-month | D10: 0.115 | E10: ASSUMPTION [unverified]: not found for eu-west-1 [S57] | F10: https://aws.amazon.com/rds/postgresql/pricing/ | G10: 2026-10-22
A11: AWS RDS PostgreSQL | B11: Backup storage beyond allowance | C11: USD/GB-month | D11: 0.095 | E11: ASSUMPTION [unverified]: not found [S57] | F11: https://aws.amazon.com/rds/postgresql/pricing/ | G11: 2026-10-22
A12: AWS Aurora PostgreSQL | B12: Memory-optimised instance, Standard, per vCPU | C12: USD/vCPU-hour | D12: 0.145 | E12: ASSUMPTION [unverified]: not found [S61] | F12: https://aws.amazon.com/rds/aurora/pricing/ | G12: 2026-10-22
A13: AWS Aurora PostgreSQL | B13: I/O-Optimized instance premium (x) | C13: factor | D13: 1.3 | E13: ASSUMPTION [unverified]; $0.225 storage below assumed to be I/O-Optimized, so no per-request I/O line | F13: https://aws.amazon.com/rds/aurora/pricing/ | G13: 2026-10-22
A14: AWS Aurora PostgreSQL | B14: Storage (shared by all nodes) | C14: USD/GB-month | D14: 0.225 | E14: [S63] page worked example (80 GB = $18.00); region/config not stated | F14: https://aws.amazon.com/rds/aurora/pricing/ | G14: 2026-10-22
A15: AWS Aurora PostgreSQL | B15: Backup storage | C15: USD/GB-month | D15: 0.021 | E15: ASSUMPTION [unverified]: not found [S61] | F15: https://aws.amazon.com/rds/aurora/pricing/ | G15: 2026-10-22
... A23: GCP AlloyDB | B23: Memory | C23: USD/GiB-hour | D23: 0.0112 | E23: ASSUMPTION [unverified]: not captured [S66] | F23: https://cloud.google.com/alloydb/pricing | G23: 2026-10-22
A24: GCP AlloyDB | B24: Regional cluster storage = 0.0004109 x 730 | C24: USD/GiB-month | D24: =0.0004109*730 -> 0.299957 | E24: [S69] region not confirmed | F24: https://cloud.google.com/alloydb/pricing | G24: 2026-10-22
A25: GCP AlloyDB | B25: Backup storage = 0.000137 x 730 | C25: USD/GiB-month | D25: =0.000137*730 -> 0.10001 | E25: [S69] | F25: https://cloud.google.com/alloydb/pricing | G25: 2026-10-22
A26: AWS and GCP | B26: Internet egress to dashboard users | C26: USD/GB | D26: 0.09 | E26: ASSUMPTION [unverified]: not found on any fetched page | G26: 2026-10-22
A27: AWS and GCP | B27: Inter-region transfer | C27: USD/GB | D27: 0.02 | E27: ASSUMPTION [unverified]: not found on any fetched page | G27: 2026-10-22

Sheet Model
A1: Model - every cell is a formula over Assumptions and Prices; D (EU share) is the sensitivity input. Estimates, not quotes.
A3: Combination | B3: Scenario | C3: Scenario idx (1=Low,2=Base,3=High) | D3: EU share | E3: Total vCPU needed | F3: Read-serving nodes | G3: vCPU per node | H3: Storage footprint GB | I3: Shards | J3: Compute USD/mo (US list) | K3: Storage USD/mo | L3: Backup USD/mo | M3: Egress+transfer USD/mo | N3: Region factor | O3: Two-region overhead USD | P3: TOTAL USD/mo | Q3: USD per tenant
A4: AWS RDS PostgreSQL | B4: Low | C4: 1 | D4: 0.5 | E4: =INDEX(Assumptions!$B$7:$D$7,$C4)*INDEX(Assumptions!$B$9:$D$9,$C4)/INDEX(Assumptions!$B$10:$D$10,$C4) -> 0.033333333 | F4: =1+INDEX(Assumptions!$B$11:$D$11,$C4) -> 2 | G4: =CEILING(MAX(E4/F4,8),8) -> 8 | H4: =INDEX(Assumptions!$B$4:$D$4,$C4)*INDEX(Assumptions!$B$5:$D$5,$C4)*INDEX(Assumptions!$B$12:$D$12,$C4) -> 12500 | I4: 1 | J4: =G4*Prices!$D$9*(2+INDEX(Assumptions!$B$11:$D$11,$C4))*INDEX(Assumptions!$B$8:$D$8,$C4) -> 2190 | K4: =H4*Prices!$D$10*(2+INDEX(Assumptions!$B$11:$D$11,$C4)) -> 4312.5 | L4: =H4*INDEX(Assumptions!$B$15:$D$15,$C4)*Prices!$D$11 -> 593.75 | M4: =INDEX(Assumptions!$B$18:$D$18,$C4)*Prices!$D$26+IF(D4<1,INDEX(Assumptions!$B$19:$D$19,$C4)*Prices!$D$27,0) -> 90 | N4: =1+D4*INDEX(Assumptions!$B$16:$D$16,$C4) -> 1 | O4: =IF(D4<1,INDEX(Assumptions!$B$17:$D$17,$C4)*J4*N4,0) -> 109.5 | P4: =(J4+K4+L4)*N4+O4+M4 -> 7295.75 | Q4: =P4/INDEX(Assumptions!$B$4:$D$4,$C4) -> 145.915
A5: AWS RDS PostgreSQL | B5: Base | C5: 2 | D5: 0.5 | E5: =INDEX(Assumptions!$B$7:$D$7,$C5)*INDEX(Assumptions!$B$9:$D$9,$C5)/INDEX(Assumptions!$B$10:$D$10,$C5) -> 0.066666667 | F5: =1+INDEX(Assumptions!$B$11:$D$11,$C5) -> 3 | G5: =CEILING(MAX(E5/F5,8),8) -> 8 | H5: =INDEX(Assumptions!$B$4:$D$4,$C5)*INDEX(Assumptions!$B$5:$D$5,$C5)*INDEX(Assumptions!$B$12:$D$12,$C5) -> 13750 | I5: 1 | J5: =G5*Prices!$D$9*(2+INDEX(Assumptions!$B$11:$D$11,$C5))*INDEX(Assumptions!$B$8:$D$8,$C5) -> 2920 | K5: =H5*Prices!$D$10*(2+INDEX(Assumptions!$B$11:$D$11,$C5)) -> 6325 | L5: =H5*INDEX(Assumptions!$B$15:$D$15,$C5)*Prices!$D$11 -> 1306.25 | M5: =INDEX(Assumptions!$B$18:$D$18,$C5)*Prices!$D$26+IF(D5<1,INDEX(Assumptions!$B$19:$D$19,$C5)*Prices!$D$27,0) -> 190 | N5: =1+D5*INDEX(Assumptions!$B$16:$D$16,$C5) -> 1.04 | O5: =IF(D5<1,INDEX(Assumptions!$B$17:$D$17,$C5)*J5*N5,0) -> 303.68 | P5: =(J5+K5+L5)*N5+O5+M5 -> 11466.98 | Q5: =P5/INDEX(Assumptions!$B$4:$D$4,$C5) -> 229.3396
A6: AWS RDS PostgreSQL | B6: High | C6: 3 | D6: 0.5 | E6: =INDEX(Assumptions!$B$7:$D$7,$C6)*INDEX(Assumptions!$B$9:$D$9,$C6)/INDEX(Assumptions!$B$10:$D$10,$C6) -> 0.16 | F6: =1+INDEX(Assumptions!$B$11:$D$11,$C6) -> 4 | G6: =CEILING(MAX(E6/F6,8),8) -> 8 | H6: =INDEX(Assumptions!$B$4:$D$4,$C6)*INDEX(Assumptions!$B$5:$D$5,$C6)*INDEX(Assumptions!$B$12:$D$12,$C6) -> 15000 | I6: 1 | J6: =G6*Prices!$D$9*(2+INDEX(Assumptions!$B$11:$D$11,$C6))*INDEX(Assumptions!$B$8:$D$8,$C6) -> 3650 | K6: =H6*Prices!$D$10*(2+INDEX(Assumptions!$B$11:$D$11,$C6)) -> 8625 | L6: =H6*INDEX(Assumptions!$B$15:$D$15,$C6)*Prices!$D$11 -> 2137.5 | M6: =INDEX(Assumptions!$B$18:$D$18,$C6)*Prices!$D$26+IF(D6<1,INDEX(Assumptions!$B$19:$D$19,$C6)*Prices!$D$27,0) -> 490 | N6: =1+D6*INDEX(Assumptions!$B$16:$D$16,$C6) -> 1.075 | O6: =IF(D6<1,INDEX(Assumptions!$B$17:$D$17,$C6)*J6*N6,0) -> 588.5625 | P6: =(J6+K6+L6)*N6+O6+M6 -> 16572 | Q6: =P6/INDEX(Assumptions!$B$4:$D$4,$C6) -> 331.44
A7: AWS RDS PostgreSQL | B7: Base EU20% | C7: 2 | D7: 0.2 | E7: =INDEX(Assumptions!$B$7:$D$7,$C7)*INDEX(Assumptions!$B$9:$D$9,$C7)/INDEX(Assumptions!$B$10:$D$10,$C7) -> 0.066666667 | F7: =1+INDEX(Assumptions!$B$11:$D$11,$C7) -> 3 | G7: =CEILING(MAX(E7/F7,8),8) -> 8 | H7: =INDEX(Assumptions!$B$4:$D$4,$C7)*INDEX(Assumptions!$B$5:$D$5,$C7)*INDEX(Assumptions!$B$12:$D$12,$C7) -> 13750 | I7: 1 | J7: =G7*Prices!$D$9*(2+INDEX(Assumptions!$B$11:$D$11,$C7))*INDEX(Assumptions!$B$8:$D$8,$C7) -> 2920 | K7: =H7*Prices!$D$10*(2+INDEX(Assumptions!$B$11:$D$11,$C7)) -> 6325 | L7: =H7*INDEX(Assumptions!$B$15:$D$15,$C7)*Prices!$D$11 -> 1306.25 | M7: =INDEX(Assumptions!$B$18:$D$18,$C7)*Prices!$D$26+IF(D7<1,INDEX(Assumptions!$B$19:$D$19,$C7)*Prices!$D$27,0) -> 190 | N7: =1+D7*INDEX(Assumptions!$B$16:$D$16,$C7) -> 1.016 | O7: =IF(D7<1,INDEX(Assumptions!$B$17:$D$17,$C7)*J7*N7,0) -> 296.672 | P7: =(J7+K7+L7)*N7+O7+M7 -> 11206.742 | Q7: =P7/INDEX(Assumptions!$B$4:$D$4,$C7) -> 224.13484
A8: AWS RDS PostgreSQL | B8: Base EU100% | C8: 2 | D8: 1 | E8: =INDEX(Assumptions!$B$7:$D$7,$C8)*INDEX(Assumptions!$B$9:$D$9,$C8)/INDEX(Assumptions!$B$10:$D$10,$C8) -> 0.066666667 | F8: =1+INDEX(Assumptions!$B$11:$D$11,$C8) -> 3 | G8: =CEILING(MAX(E8/F8,8),8) -> 8 | H8: =INDEX(Assumptions!$B$4:$D$4,$C8)*INDEX(Assumptions!$B$5:$D$5,$C8)*INDEX(Assumptions!$B$12:$D$12,$C8) -> 13750 | I8: 1 | J8: =G8*Prices!$D$9*(2+INDEX(Assumptions!$B$11:$D$11,$C8))*INDEX(Assumptions!$B$8:$D$8,$C8) -> 2920 | K8: =H8*Prices!$D$10*(2+INDEX(Assumptions!$B$11:$D$11,$C8)) -> 6325 | L8: =H8*INDEX(Assumptions!$B$15:$D$15,$C8)*Prices!$D$11 -> 1306.25 | M8: =INDEX(Assumptions!$B$18:$D$18,$C8)*Prices!$D$26+IF(D8<1,INDEX(Assumptions!$B$19:$D$19,$C8)*Prices!$D$27,0) -> 180 | N8: =1+D8*INDEX(Assumptions!$B$16:$D$16,$C8) -> 1.08 | O8: =IF(D8<1,INDEX(Assumptions!$B$17:$D$17,$C8)*J8*N8,0) -> 0 | P8: =(J8+K8+L8)*N8+O8+M8 -> 11575.35 | Q8: =P8/INDEX(Assumptions!$B$4:$D$4,$C8) -> 231.507
A9: AWS Aurora PostgreSQL | B9: Low | C9: 1 | D9: 0.5 | E9: =INDEX(Assumptions!$B$7:$D$7,$C9)*INDEX(Assumptions!$B$9:$D$9,$C9)/INDEX(Assumptions!$B$10:$D$10,$C9) -> 0.033333333 | F9: =1+INDEX(Assumptions!$B$11:$D$11,$C9) -> 2 | G9: =CEILING(MAX(E9/F9,8),8) -> 8 | H9: =INDEX(Assumptions!$B$4:$D$4,$C9)*INDEX(Assumptions!$B$5:$D$5,$C9)*INDEX(Assumptions!$B$12:$D$12,$C9) -> 12500 | I9: 1 | J9: =G9*Prices!$D$12*Prices!$D$13*(1+INDEX(Assumptions!$B$11:$D$11,$C9))*INDEX(Assumptions!$B$8:$D$8,$C9) -> 2201.68 | K9: =H9*Prices!$D$14 -> 2812.5 | L9: =H9*INDEX(Assumptions!$B$15:$D$15,$C9)*Prices!$D$15 -> 131.25 | M9: =INDEX(Assumptions!$B$18:$D$18,$C9)*Prices!$D$26+IF(D9<1,INDEX(Assumptions!$B$19:$D$19,$C9)*Prices!$D$27,0) -> 90 | N9: =1+D9*INDEX(Assumptions!$B$16:$D$16,$C9) -> 1 | O9: =IF(D9<1,INDEX(Assumptions!$B$17:$D$17,$C9)*J9*N9,0) -> 110.084 | P9: =(J9+K9+L9)*N9+O9+M9 -> 5345.514 | Q9: =P9/INDEX(Assumptions!$B$4:$D$4,$C9) -> 106.91028
A10: AWS Aurora PostgreSQL | B10: Base | C10: 2 | D10: 0.5 | E10: =INDEX(Assumptions!$B$7:$D$7,$C10)*INDEX(Assumptions!$B$9:$D$9,$C10)/INDEX(Assumptions!$B$10:$D$10,$C10) -> 0.066666667 | F10: =1+INDEX(Assumptions!$B$11:$D$11,$C10) -> 3 | G10: =CEILING(MAX(E10/F10,8),8) -> 8 | H10: =INDEX(Assumptions!$B$4:$D$4,$C10)*INDEX(Assumptions!$B$5:$D$5,$C10)*INDEX(Assumptions!$B$12:$D$12,$C10) -> 13750 | I10: 1 | J10: =G10*Prices!$D$12*Prices!$D$13*(1+INDEX(Assumptions!$B$11:$D$11,$C10))*INDEX(Assumptions!$B$8:$D$8,$C10) -> 3302.52 | K10: =H10*Prices!$D$14 -> 3093.75 | L10: =H10*INDEX(Assumptions!$B$15:$D$15,$C10)*Prices!$D$15 -> 288.75 | M10: =INDEX(Assumptions!$B$18:$D$18,$C10)*Prices!$D$26+IF(D10<1,INDEX(Assumptions!$B$19:$D$19,$C10)*Prices!$D$27,0) -> 190 | N10: =1+D10*INDEX(Assumptions!$B$16:$D$16,$C10) -> 1.04 | O10: =IF(D10<1,INDEX(Assumptions!$B$17:$D$17,$C10)*J10*N10,0) -> 343.46208 | P10: =(J10+K10+L10)*N10+O10+M10 -> 7485.8829 | Q10: =P10/INDEX(Assumptions!$B$4:$D$4,$C10) -> 149.71766
A11: AWS Aurora PostgreSQL | B11: High | C11: 3 | D11: 0.5 | E11: =INDEX(Assumptions!$B$7:$D$7,$C11)*INDEX(Assumptions!$B$9:$D$9,$C11)/INDEX(Assumptions!$B$10:$D$10,$C11) -> 0.16 | F11: =1+INDEX(Assumptions!$B$11:$D$11,$C11) -> 4 | G11: =CEILING(MAX(E11/F11,8),8) -> 8 | H11: =INDEX(Assumptions!$B$4:$D$4,$C11)*INDEX(Assumptions!$B$5:$D$5,$C11)*INDEX(Assumptions!$B$12:$D$12,$C11) -> 15000 | I11: 1 | J11: =G11*Prices!$D$12*Prices!$D$13*(1+INDEX(Assumptions!$B$11:$D$11,$C11))*INDEX(Assumptions!$B$8:$D$8,$C11) -> 4403.36 | K11: =H11*Prices!$D$14 -> 3375 | L11: =H11*INDEX(Assumptions!$B$15:$D$15,$C11)*Prices!$D$15 -> 472.5 | M11: =INDEX(Assumptions!$B$18:$D$18,$C11)*Prices!$D$26+IF(D11<1,INDEX(Assumptions!$B$19:$D$19,$C11)*Prices!$D$27,0) -> 490 | N11: =1+D11*INDEX(Assumptions!$B$16:$D$16,$C11) -> 1.075 | O11: =IF(D11<1,INDEX(Assumptions!$B$17:$D$17,$C11)*J11*N11,0) -> 710.0418 | P11: =(J11+K11+L11)*N11+O11+M11 -> 10069.716 | Q11: =P11/INDEX(Assumptions!$B$4:$D$4,$C11) -> 201.39433
A12: AWS Aurora PostgreSQL | B12: Base EU20% | C12: 2 | D12: 0.2 | E12: =INDEX(Assumptions!$B$7:$D$7,$C12)*INDEX(Assumptions!$B$9:$D$9,$C12)/INDEX(Assumptions!$B$10:$D$10,$C12) -> 0.066666667 | F12: =1+INDEX(Assumptions!$B$11:$D$11,$C12) -> 3 | G12: =CEILING(MAX(E12/F12,8),8) -> 8 | H12: =INDEX(Assumptions!$B$4:$D$4,$C12)*INDEX(Assumptions!$B$5:$D$5,$C12)*INDEX(Assumptions!$B$12:$D$12,$C12) -> 13750 | I12: 1 | J12: =G12*Prices!$D$12*Prices!$D$13*(1+INDEX(Assumptions!$B$11:$D$11,$C12))*INDEX(Assumptions!$B$8:$D$8,$C12) -> 3302.52 | K12: =H12*Prices!$D$14 -> 3093.75 | L12: =H12*INDEX(Assumptions!$B$15:$D$15,$C12)*Prices!$D$15 -> 288.75 | M12: =INDEX(Assumptions!$B$18:$D$18,$C12)*Prices!$D$26+IF(D12<1,INDEX(Assumptions!$B$19:$D$19,$C12)*Prices!$D$27,0) -> 190 | N12: =1+D12*INDEX(Assumptions!$B$16:$D$16,$C12) -> 1.016 | O12: =IF(D12<1,INDEX(Assumptions!$B$17:$D$17,$C12)*J12*N12,0) -> 335.53603 | P12: =(J12+K12+L12)*N12+O12+M12 -> 7317.5164 | Q12: =P12/INDEX(Assumptions!$B$4:$D$4,$C12) -> 146.35033
A13: AWS Aurora PostgreSQL | B13: Base EU100% | C13: 2 | D13: 1 | E13: =INDEX(Assumptions!$B$7:$D$7,$C13)*INDEX(Assumptions!$B$9:$D$9,$C13)/INDEX(Assumptions!$B$10:$D$10,$C13) -> 0.066666667 | F13: =1+INDEX(Assumptions!$B$11:$D$11,$C13) -> 3 | G13: =CEILING(MAX(E13/F13,8),8) -> 8 | H13: =INDEX(Assumptions!$B$4:$D$4,$C13)*INDEX(Assumptions!$B$5:$D$5,$C13)*INDEX(Assumptions!$B$12:$D$12,$C13) -> 13750 | I13: 1 | J13: =G13*Prices!$D$12*Prices!$D$13*(1+INDEX(Assumptions!$B$11:$D$11,$C13))*INDEX(Assumptions!$B$8:$D$8,$C13) -> 3302.52 | K13: =H13*Prices!$D$14 -> 3093.75 | L13: =H13*INDEX(Assumptions!$B$15:$D$15,$C13)*Prices!$D$15 -> 288.75 | M13: =INDEX(Assumptions!$B$18:$D$18,$C13)*Prices!$D$26+IF(D13<1,INDEX(Assumptions!$B$19:$D$19,$C13)*Prices!$D$27,0) -> 180 | N13: =1+D13*INDEX(Assumptions!$B$16:$D$16,$C13) -> 1.08 | O13: =IF(D13<1,INDEX(Assumptions!$B$17:$D$17,$C13)*J13*N13,0) -> 0 | P13: =(J13+K13+L13)*N13+O13+M13 -> 7399.8216 | Q13: =P13/INDEX(Assumptions!$B$4:$D$4,$C13) -> 147.99643
A14: GCP Cloud SQL PostgreSQL | B14: Low | C14: 1 | D14: 0.5 | E14: =INDEX(Assumptions!$B$7:$D$7,$C14)*INDEX(Assumptions!$B$9:$D$9,$C14)/INDEX(Assumptions!$B$10:$D$10,$C14) -> 0.033333333 | F14: =1+INDEX(Assumptions!$B$11:$D$11,$C14) -> 2 | G14: =CEILING(MAX(E14/F14,8),8) -> 8 | H14: =INDEX(Assumptions!$B$4:$D$4,$C14)*INDEX(Assumptions!$B$5:$D$5,$C14)*INDEX(Assumptions!$B$12:$D$12,$C14) -> 12500 | I14: 1 | J14: =G14*((Prices!$D$16+INDEX(Assumptions!$B$24:$D$24,$C14)*Prices!$D$18)+INDEX(Assumptions!$B$11:$D$11,$C14)*(Prices!$D$17+INDEX(Assumptions!$B$24:$D$24,$C14)*Prices!$D$19))*INDEX(Assumptions!$B$8:$D$8,$C14) -> 1459.416 | K14: =H14*Prices!$D$20*(2+INDEX(Assumptions!$B$11:$D$11,$C14)) -> 6375 | L14: =H14*INDEX(Assumptions!$B$15:$D$15,$C14)*Prices!$D$21 -> 500 | M14: =INDEX(Assumptions!$B$18:$D$18,$C14)*Prices!$D$26+IF(D14<1,INDEX(Assumptions!$B$19:$D$19,$C14)*Prices!$D$27,0) -> 90 | N14: =1+D14*INDEX(Assumptions!$B$16:$D$16,$C14) -> 1 | O14: =IF(D14<1,INDEX(Assumptions!$B$17:$D$17,$C14)*J14*N14,0) -> 72.9708 | P14: =(J14+K14+L14)*N14+O14+M14 -> 8497.3868 | Q14: =P14/INDEX(Assumptions!$B$4:$D$4,$C14) -> 169.94774
A15: GCP Cloud SQL PostgreSQL | B15: Base | C15: 2 | D15: 0.5 | E15: =INDEX(Assumptions!$B$7:$D$7,$C15)*INDEX(Assumptions!$B$9:$D$9,$C15)/INDEX(Assumptions!$B$10:$D$10,$C15) -> 0.066666667 | F15: =1+INDEX(Assumptions!$B$11:$D$11,$C15) -> 3 | G15: =CEILING(MAX(E15/F15,8),8) -> 8 | H15: =INDEX(Assumptions!$B$4:$D$4,$C15)*INDEX(Assumptions!$B$5:$D$5,$C15)*INDEX(Assumptions!$B$12:$D$12,$C15) -> 13750 | I15: 1 | J15: =G15*((Prices!$D$16+INDEX(Assumptions!$B$24:$D$24,$C15)*Prices!$D$18)+INDEX(Assumptions!$B$11:$D$11,$C15)*(Prices!$D$17+INDEX(Assumptions!$B$24:$D$24,$C15)*Prices!$D$19))*INDEX(Assumptions!$B$8:$D$8,$C15) -> 1945.888 | K15: =H15*Prices!$D$20*(2+INDEX(Assumptions!$B$11:$D$11,$C15)) -> 9350 | L15: =H15*INDEX(Assumptions!$B$15:$D$15,$C15)*Prices!$D$21 -> 1100 | M15: =INDEX(Assumptions!$B$18:$D$18,$C15)*Prices!$D$26+IF(D15<1,INDEX(Assumptions!$B$19:$D$19,$C15)*Prices!$D$27,0) -> 190 | N15: =1+D15*INDEX(Assumptions!$B$16:$D$16,$C15) -> 1.04 | O15: =IF(D15<1,INDEX(Assumptions!$B$17:$D$17,$C15)*J15*N15,0) -> 202.37235 | P15: =(J15+K15+L15)*N15+O15+M15 -> 13284.096 | Q15: =P15/INDEX(Assumptions!$B$4:$D$4,$C15) -> 265.68192
A16: GCP Cloud SQL PostgreSQL | B16: High | C16: 3 | D16: 0.5 | E16: =INDEX(Assumptions!$B$7:$D$7,$C16)*INDEX(Assumptions!$B$9:$D$9,$C16)/INDEX(Assumptions!$B$10:$D$10,$C16) -> 0.16 | F16: =1+INDEX(Assumptions!$B$11:$D$11,$C16) -> 4 | G16: =CEILING(MAX(E16/F16,8),8) -> 8 | H16: =INDEX(Assumptions!$B$4:$D$4,$C16)*INDEX(Assumptions!$B$5:$D$5,$C16)*INDEX(Assumptions!$B$12:$D$12,$C16) -> 15000 | I16: 1 | J16: =G16*((Prices!$D$16+INDEX(Assumptions!$B$24:$D$24,$C16)*Prices!$D$18)+INDEX(Assumptions!$B$11:$D$11,$C16)*(Prices!$D$17+INDEX(Assumptions!$B$24:$D$24,$C16)*Prices!$D$19))*INDEX(Assumptions!$B$8:$D$8,$C16) -> 2432.36 | K16: =H16*Prices!$D$20*(2+INDEX(Assumptions!$B$11:$D$11,$C16)) -> 12750 | L16: =H16*INDEX(Assumptions!$B$15:$D$15,$C16)*Prices!$D$21 -> 1800 | M16: =INDEX(Assumptions!$B$18:$D$18,$C16)*Prices!$D$26+IF(D16<1,INDEX(Assumptions!$B$19:$D$19,$C16)*Prices!$D$27,0) -> 490 | N16: =1+D16*INDEX(Assumptions!$B$16:$D$16,$C16) -> 1.075 | O16: =IF(D16<1,INDEX(Assumptions!$B$17:$D$17,$C16)*J16*N16,0) -> 392.21805 | P16: =(J16+K16+L16)*N16+O16+M16 -> 19138.255 | Q16: =P16/INDEX(Assumptions!$B$4:$D$4,$C16) -> 382.7651
A17: GCP Cloud SQL PostgreSQL | B17: Base EU20% | C17: 2 | D17: 0.2 | E17: =INDEX(Assumptions!$B$7:$D$7,$C17)*INDEX(Assumptions!$B$9:$D$9,$C17)/INDEX(Assumptions!$B$10:$D$10,$C17) -> 0.066666667 | F17: =1+INDEX(Assumptions!$B$11:$D$11,$C17) -> 3 | G17: =CEILING(MAX(E17/F17,8),8) -> 8 | H17: =INDEX(Assumptions!$B$4:$D$4,$C17)*INDEX(Assumptions!$B$5:$D$5,$C17)*INDEX(Assumptions!$B$12:$D$12,$C17) -> 13750 | I17: 1 | J17: =G17*((Prices!$D$16+INDEX(Assumptions!$B$24:$D$24,$C17)*Prices!$D$18)+INDEX(Assumptions!$B$11:$D$11,$C17)*(Prices!$D$17+INDEX(Assumptions!$B$24:$D$24,$C17)*Prices!$D$19))*INDEX(Assumptions!$B$8:$D$8,$C17) -> 1945.888 | K17: =H17*Prices!$D$20*(2+INDEX(Assumptions!$B$11:$D$11,$C17)) -> 9350 | L17: =H17*INDEX(Assumptions!$B$15:$D$15,$C17)*Prices!$D$21 -> 1100 | M17: =INDEX(Assumptions!$B$18:$D$18,$C17)*Prices!$D$26+IF(D17<1,INDEX(Assumptions!$B$19:$D$19,$C17)*Prices!$D$27,0) -> 190 | N17: =1+D17*INDEX(Assumptions!$B$16:$D$16,$C17) -> 1.016 | O17: =IF(D17<1,INDEX(Assumptions!$B$17:$D$17,$C17)*J17*N17,0) -> 197.70222 | P17: =(J17+K17+L17)*N17+O17+M17 -> 12981.924 | Q17: =P17/INDEX(Assumptions!$B$4:$D$4,$C17) -> 259.63849
A18: GCP Cloud SQL PostgreSQL | B18: Base EU100% | C18: 2 | D18: 1 | E18: =INDEX(Assumptions!$B$7:$D$7,$C18)*INDEX(Assumptions!$B$9:$D$9,$C18)/INDEX(Assumptions!$B$10:$D$10,$C18) -> 0.066666667 | F18: =1+INDEX(Assumptions!$B$11:$D$11,$C18) -> 3 | G18: =CEILING(MAX(E18/F18,8),8) -> 8 | H18: =INDEX(Assumptions!$B$4:$D$4,$C18)*INDEX(Assumptions!$B$5:$D$5,$C18)*INDEX(Assumptions!$B$12:$D$12,$C18) -> 13750 | I18: 1 | J18: =G18*((Prices!$D$16+INDEX(Assumptions!$B$24:$D$24,$C18)*Prices!$D$18)+INDEX(Assumptions!$B$11:$D$11,$C18)*(Prices!$D$17+INDEX(Assumptions!$B$24:$D$24,$C18)*Prices!$D$19))*INDEX(Assumptions!$B$8:$D$8,$C18) -> 1945.888 | K18: =H18*Prices!$D$20*(2+INDEX(Assumptions!$B$11:$D$11,$C18)) -> 9350 | L18: =H18*INDEX(Assumptions!$B$15:$D$15,$C18)*Prices!$D$21 -> 1100 | M18: =INDEX(Assumptions!$B$18:$D$18,$C18)*Prices!$D$26+IF(D18<1,INDEX(Assumptions!$B$19:$D$19,$C18)*Prices!$D$27,0) -> 180 | N18: =1+D18*INDEX(Assumptions!$B$16:$D$16,$C18) -> 1.08 | O18: =IF(D18<1,INDEX(Assumptions!$B$17:$D$17,$C18)*J18*N18,0) -> 0 | P18: =(J18+K18+L18)*N18+O18+M18 -> 13567.559 | Q18: =P18/INDEX(Assumptions!$B$4:$D$4,$C18) -> 271.35118
A19: GCP AlloyDB | B19: Low | C19: 1 | D19: 0.5 | E19: =INDEX(Assumptions!$B$7:$D$7,$C19)*INDEX(Assumptions!$B$9:$D$9,$C19)/INDEX(Assumptions!$B$10:$D$10,$C19) -> 0.033333333 | F19: =1+INDEX(Assumptions!$B$11:$D$11,$C19) -> 2 | G19: =CEILING(MAX(E19/F19,8),8) -> 8 | H19: =INDEX(Assumptions!$B$4:$D$4,$C19)*INDEX(Assumptions!$B$5:$D$5,$C19)*INDEX(Assumptions!$B$12:$D$12,$C19) -> 12500 | I19: 1 | J19: =G19*(2+INDEX(Assumptions!$B$11:$D$11,$C19))*(Prices!$D$22+INDEX(Assumptions!$B$25:$D$25,$C19)*Prices!$D$23)*INDEX(Assumptions!$B$8:$D$8,$C19) -> 2726.112 | K19: =H19*Prices!$D$24 -> 3749.4625 | L19: =H19*INDEX(Assumptions!$B$15:$D$15,$C19)*Prices!$D$25 -> 625.0625 | M19: =INDEX(Assumptions!$B$18:$D$18,$C19)*Prices!$D$26+IF(D19<1,INDEX(Assumptions!$B$19:$D$19,$C19)*Prices!$D$27,0) -> 90 | N19: =1+D19*INDEX(Assumptions!$B$16:$D$16,$C19) -> 1 | O19: =IF(D19<1,INDEX(Assumptions!$B$17:$D$17,$C19)*J19*N19,0) -> 136.3056 | P19: =(J19+K19+L19)*N19+O19+M19 -> 7326.9426 | Q19: =P19/INDEX(Assumptions!$B$4:$D$4,$C19) -> 146.53885
A20: GCP AlloyDB | B20: Base | C20: 2 | D20: 0.5 | E20: =INDEX(Assumptions!$B$7:$D$7,$C20)*INDEX(Assumptions!$B$9:$D$9,$C20)/INDEX(Assumptions!$B$10:$D$10,$C20) -> 0.066666667 | F20: =1+INDEX(Assumptions!$B$11:$D$11,$C20) -> 3 | G20: =CEILING(MAX(E20/F20,8),8) -> 8 | H20: =INDEX(Assumptions!$B$4:$D$4,$C20)*INDEX(Assumptions!$B$5:$D$5,$C20)*INDEX(Assumptions!$B$12:$D$12,$C20) -> 13750 | I20: 1 | J20: =G20*(2+INDEX(Assumptions!$B$11:$D$11,$C20))*(Prices!$D$22+INDEX(Assumptions!$B$25:$D$25,$C20)*Prices!$D$23)*INDEX(Assumptions!$B$8:$D$8,$C20) -> 3634.816 | K20: =H20*Prices!$D$24 -> 4124.4087 | L20: =H20*INDEX(Assumptions!$B$15:$D$15,$C20)*Prices!$D$25 -> 1375.1375 | M20: =INDEX(Assumptions!$B$18:$D$18,$C20)*Prices!$D$26+IF(D20<1,INDEX(Assumptions!$B$19:$D$19,$C20)*Prices!$D$27,0) -> 190 | N20: =1+D20*INDEX(Assumptions!$B$16:$D$16,$C20) -> 1.04 | O20: =IF(D20<1,INDEX(Assumptions!$B$17:$D$17,$C20)*J20*N20,0) -> 378.02086 | P20: =(J20+K20+L20)*N20+O20+M20 -> 10067.758 | Q20: =P20/INDEX(Assumptions!$B$4:$D$4,$C20) -> 201.35515
A21: GCP AlloyDB | B21: High | C21: 3 | D21: 0.5 | E21: =INDEX(Assumptions!$B$7:$D$7,$C21)*INDEX(Assumptions!$B$9:$D$9,$C21)/INDEX(Assumptions!$B$10:$D$10,$C21) -> 0.16 | F21: =1+INDEX(Assumptions!$B$11:$D$11,$C21) -> 4 | G21: =CEILING(MAX(E21/F21,8),8) -> 8 | H21: =INDEX(Assumptions!$B$4:$D$4,$C21)*INDEX(Assumptions!$B$5:$D$5,$C21)*INDEX(Assumptions!$B$12:$D$12,$C21) -> 15000 | I21: 1 | J21: =G21*(2+INDEX(Assumptions!$B$11:$D$11,$C21))*(Prices!$D$22+INDEX(Assumptions!$B$25:$D$25,$C21)*Prices!$D$23)*INDEX(Assumptions!$B$8:$D$8,$C21) -> 4543.52 | K21: =H21*Prices!$D$24 -> 4499.355 | L21: =H21*INDEX(Assumptions!$B$15:$D$15,$C21)*Prices!$D$25 -> 2250.225 | M21: =INDEX(Assumptions!$B$18:$D$18,$C21)*Prices!$D$26+IF(D21<1,INDEX(Assumptions!$B$19:$D$19,$C21)*Prices!$D$27,0) -> 490 | N21: =1+D21*INDEX(Assumptions!$B$16:$D$16,$C21) -> 1.075 | O21: =IF(D21<1,INDEX(Assumptions!$B$17:$D$17,$C21)*J21*N21,0) -> 732.6426 | P21: =(J21+K21+L21)*N21+O21+M21 -> 13362.725 | Q21: =P21/INDEX(Assumptions!$B$4:$D$4,$C21) -> 267.2545
A22: GCP AlloyDB | B22: Base EU20% | C22: 2 | D22: 0.2 | E22: =INDEX(Assumptions!$B$7:$D$7,$C22)*INDEX(Assumptions!$B$9:$D$9,$C22)/INDEX(Assumptions!$B$10:$D$10,$C22) -> 0.066666667 | F22: =1+INDEX(Assumptions!$B$11:$D$11,$C22) -> 3 | G22: =CEILING(MAX(E22/F22,8),8) -> 8 | H22: =INDEX(Assumptions!$B$4:$D$4,$C22)*INDEX(Assumptions!$B$5:$D$5,$C22)*INDEX(Assumptions!$B$12:$D$12,$C22) -> 13750 | I22: 1 | J22: =G22*(2+INDEX(Assumptions!$B$11:$D$11,$C22))*(Prices!$D$22+INDEX(Assumptions!$B$25:$D$25,$C22)*Prices!$D$23)*INDEX(Assumptions!$B$8:$D$8,$C22) -> 3634.816 | K22: =H22*Prices!$D$24 -> 4124.4087 | L22: =H22*INDEX(Assumptions!$B$15:$D$15,$C22)*Prices!$D$25 -> 1375.1375 | M22: =INDEX(Assumptions!$B$18:$D$18,$C22)*Prices!$D$26+IF(D22<1,INDEX(Assumptions!$B$19:$D$19,$C22)*Prices!$D$27,0) -> 190 | N22: =1+D22*INDEX(Assumptions!$B$16:$D$16,$C22) -> 1.016 | O22: =IF(D22<1,INDEX(Assumptions!$B$17:$D$17,$C22)*J22*N22,0) -> 369.29731 | P22: =(J22+K22+L22)*N22+O22+M22 -> 9839.8094 | Q22: =P22/INDEX(Assumptions!$B$4:$D$4,$C22) -> 196.79619
A23: GCP AlloyDB | B23: Base EU100% | C23: 2 | D23: 1 | E23: =INDEX(Assumptions!$B$7:$D$7,$C23)*INDEX(Assumptions!$B$9:$D$9,$C23)/INDEX(Assumptions!$B$10:$D$10,$C23) -> 0.066666667 | F23: =1+INDEX(Assumptions!$B$11:$D$11,$C23) -> 3 | G23: =CEILING(MAX(E23/F23,8),8) -> 8 | H23: =INDEX(Assumptions!$B$4:$D$4,$C23)*INDEX(Assumptions!$B$5:$D$5,$C23)*INDEX(Assumptions!$B$12:$D$12,$C23) -> 13750 | I23: 1 | J23: =G23*(2+INDEX(Assumptions!$B$11:$D$11,$C23))*(Prices!$D$22+INDEX(Assumptions!$B$25:$D$25,$C23)*Prices!$D$23)*INDEX(Assumptions!$B$8:$D$8,$C23) -> 3634.816 | K23: =H23*Prices!$D$24 -> 4124.4087 | L23: =H23*INDEX(Assumptions!$B$15:$D$15,$C23)*Prices!$D$25 -> 1375.1375 | M23: =INDEX(Assumptions!$B$18:$D$18,$C23)*Prices!$D$26+IF(D23<1,INDEX(Assumptions!$B$19:$D$19,$C23)*Prices!$D$27,0) -> 180 | N23: =1+D23*INDEX(Assumptions!$B$16:$D$16,$C23) -> 1.08 | O23: =IF(D23<1,INDEX(Assumptions!$B$17:$D$17,$C23)*J23*N23,0) -> 0 | P23: =(J23+K23+L23)*N23+O23+M23 -> 10045.111 | Q23: =P23/INDEX(Assumptions!$B$4:$D$4,$C23) -> 200.90222
A24: MongoDB Atlas on AWS | B24: Low | C24: 1 | D24: 0.5 | E24: =INDEX(Assumptions!$B$7:$D$7,$C24)*INDEX(Assumptions!$B$9:$D$9,$C24)/INDEX(Assumptions!$B$10:$D$10,$C24) -> 0.033333333 | F24: =I24*3 -> 6 | G24: =CEILING(MAX(E24/F24,8),8) -> 8 | H24: =INDEX(Assumptions!$B$4:$D$4,$C24)*INDEX(Assumptions!$B$5:$D$5,$C24)*INDEX(Assumptions!$B$13:$D$13,$C24)*(1+INDEX(Assumptions!$B$14:$D$14,$C24)) -> 5500 | I24: =ROUNDUP(H24/(Prices!$D$7*INDEX(Assumptions!$B$20:$D$20,$C24)),0) -> 2 | J24: =F24*IF(G24<=8,Prices!$D$4,IF(G24<=16,Prices!$D$5,Prices!$D$6))*INDEX(Assumptions!$B$8:$D$8,$C24)*(1+INDEX(Assumptions!$B$21:$D$21,$C24)) -> 9636 | K24: =H24*3*INDEX(Assumptions!$B$23:$D$23,$C24) -> 0 | L24: =H24*INDEX(Assumptions!$B$15:$D$15,$C24)*Prices!$D$8 -> 132 | M24: =INDEX(Assumptions!$B$18:$D$18,$C24)*Prices!$D$26+IF(D24<1,INDEX(Assumptions!$B$19:$D$19,$C24)*Prices!$D$27,0) -> 90 | N24: =1+D24*INDEX(Assumptions!$B$16:$D$16,$C24) -> 1 | O24: =IF(D24<1,INDEX(Assumptions!$B$17:$D$17,$C24)*J24*N24,0) -> 481.8 | P24: =(J24+K24+L24)*N24+O24+M24 -> 10339.8 | Q24: =P24/INDEX(Assumptions!$B$4:$D$4,$C24) -> 206.796
A25: MongoDB Atlas on AWS | B25: Base | C25: 2 | D25: 0.5 | E25: =INDEX(Assumptions!$B$7:$D$7,$C25)*INDEX(Assumptions!$B$9:$D$9,$C25)/INDEX(Assumptions!$B$10:$D$10,$C25) -> 0.066666667 | F25: =I25*3 -> 9 | G25: =CEILING(MAX(E25/F25,8),8) -> 8 | H25: =INDEX(Assumptions!$B$4:$D$4,$C25)*INDEX(Assumptions!$B$5:$D$5,$C25)*INDEX(Assumptions!$B$13:$D$13,$C25)*(1+INDEX(Assumptions!$B$14:$D$14,$C25)) -> 8625 | I25: =ROUNDUP(H25/(Prices!$D$7*INDEX(Assumptions!$B$20:$D$20,$C25)),0) -> 3 | J25: =F25*IF(G25<=8,Prices!$D$4,IF(G25<=16,Prices!$D$5,Prices!$D$6))*INDEX(Assumptions!$B$8:$D$8,$C25)*(1+INDEX(Assumptions!$B$21:$D$21,$C25)) -> 14454 | K25: =H25*3*INDEX(Assumptions!$B$23:$D$23,$C25) -> 0 | L25: =H25*INDEX(Assumptions!$B$15:$D$15,$C25)*Prices!$D$8 -> 414 | M25: =INDEX(Assumptions!$B$18:$D$18,$C25)*Prices!$D$26+IF(D25<1,INDEX(Assumptions!$B$19:$D$19,$C25)*Prices!$D$27,0) -> 190 | N25: =1+D25*INDEX(Assumptions!$B$16:$D$16,$C25) -> 1.04 | O25: =IF(D25<1,INDEX(Assumptions!$B$17:$D$17,$C25)*J25*N25,0) -> 1503.216 | P25: =(J25+K25+L25)*N25+O25+M25 -> 17155.936 | Q25: =P25/INDEX(Assumptions!$B$4:$D$4,$C25) -> 343.11872
A26: MongoDB Atlas on AWS | B26: High | C26: 3 | D26: 0.5 | E26: =INDEX(Assumptions!$B$7:$D$7,$C26)*INDEX(Assumptions!$B$9:$D$9,$C26)/INDEX(Assumptions!$B$10:$D$10,$C26) -> 0.16 | F26: =I26*3 -> 12 | G26: =CEILING(MAX(E26/F26,8),8) -> 8 | H26: =INDEX(Assumptions!$B$4:$D$4,$C26)*INDEX(Assumptions!$B$5:$D$5,$C26)*INDEX(Assumptions!$B$13:$D$13,$C26)*(1+INDEX(Assumptions!$B$14:$D$14,$C26)) -> 12500 | I26: =ROUNDUP(H26/(Prices!$D$7*INDEX(Assumptions!$B$20:$D$20,$C26)),0) -> 4 | J26: =F26*IF(G26<=8,Prices!$D$4,IF(G26<=16,Prices!$D$5,Prices!$D$6))*INDEX(Assumptions!$B$8:$D$8,$C26)*(1+INDEX(Assumptions!$B$21:$D$21,$C26)) -> 19272 | K26: =H26*3*INDEX(Assumptions!$B$23:$D$23,$C26) -> 1125 | L26: =H26*INDEX(Assumptions!$B$15:$D$15,$C26)*Prices!$D$8 -> 900 | M26: =INDEX(Assumptions!$B$18:$D$18,$C26)*Prices!$D$26+IF(D26<1,INDEX(Assumptions!$B$19:$D$19,$C26)*Prices!$D$27,0) -> 490 | N26: =1+D26*INDEX(Assumptions!$B$16:$D$16,$C26) -> 1.075 | O26: =IF(D26<1,INDEX(Assumptions!$B$17:$D$17,$C26)*J26*N26,0) -> 3107.61 | P26: =(J26+K26+L26)*N26+O26+M26 -> 26491.885 | Q26: =P26/INDEX(Assumptions!$B$4:$D$4,$C26) -> 529.8377
A27: MongoDB Atlas on AWS | B27: Base EU20% | C27: 2 | D27: 0.2 | E27: =INDEX(Assumptions!$B$7:$D$7,$C27)*INDEX(Assumptions!$B$9:$D$9,$C27)/INDEX(Assumptions!$B$10:$D$10,$C27) -> 0.066666667 | F27: =I27*3 -> 9 | G27: =CEILING(MAX(E27/F27,8),8) -> 8 | H27: =INDEX(Assumptions!$B$4:$D$4,$C27)*INDEX(Assumptions!$B$5:$D$5,$C27)*INDEX(Assumptions!$B$13:$D$13,$C27)*(1+INDEX(Assumptions!$B$14:$D$14,$C27)) -> 8625 | I27: =ROUNDUP(H27/(Prices!$D$7*INDEX(Assumptions!$B$20:$D$20,$C27)),0) -> 3 | J27: =F27*IF(G27<=8,Prices!$D$4,IF(G27<=16,Prices!$D$5,Prices!$D$6))*INDEX(Assumptions!$B$8:$D$8,$C27)*(1+INDEX(Assumptions!$B$21:$D$21,$C27)) -> 14454 | K27: =H27*3*INDEX(Assumptions!$B$23:$D$23,$C27) -> 0 | L27: =H27*INDEX(Assumptions!$B$15:$D$15,$C27)*Prices!$D$8 -> 414 | M27: =INDEX(Assumptions!$B$18:$D$18,$C27)*Prices!$D$26+IF(D27<1,INDEX(Assumptions!$B$19:$D$19,$C27)*Prices!$D$27,0) -> 190 | N27: =1+D27*INDEX(Assumptions!$B$16:$D$16,$C27) -> 1.016 | O27: =IF(D27<1,INDEX(Assumptions!$B$17:$D$17,$C27)*J27*N27,0) -> 1468.5264 | P27: =(J27+K27+L27)*N27+O27+M27 -> 16764.414 | Q27: =P27/INDEX(Assumptions!$B$4:$D$4,$C27) -> 335.28829
A28: MongoDB Atlas on AWS | B28: Base EU100% | C28: 2 | D28: 1 | E28: =INDEX(Assumptions!$B$7:$D$7,$C28)*INDEX(Assumptions!$B$9:$D$9,$C28)/INDEX(Assumptions!$B$10:$D$10,$C28) -> 0.066666667 | F28: =I28*3 -> 9 | G28: =CEILING(MAX(E28/F28,8),8) -> 8 | H28: =INDEX(Assumptions!$B$4:$D$4,$C28)*INDEX(Assumptions!$B$5:$D$5,$C28)*INDEX(Assumptions!$B$13:$D$13,$C28)*(1+INDEX(Assumptions!$B$14:$D$14,$C28)) -> 8625 | I28: =ROUNDUP(H28/(Prices!$D$7*INDEX(Assumptions!$B$20:$D$20,$C28)),0) -> 3 | J28: =F28*IF(G28<=8,Prices!$D$4,IF(G28<=16,Prices!$D$5,Prices!$D$6))*INDEX(Assumptions!$B$8:$D$8,$C28)*(1+INDEX(Assumptions!$B$21:$D$21,$C28)) -> 14454 | K28: =H28*3*INDEX(Assumptions!$B$23:$D$23,$C28) -> 0 | L28: =H28*INDEX(Assumptions!$B$15:$D$15,$C28)*Prices!$D$8 -> 414 | M28: =INDEX(Assumptions!$B$18:$D$18,$C28)*Prices!$D$26+IF(D28<1,INDEX(Assumptions!$B$19:$D$19,$C28)*Prices!$D$27,0) -> 180 | N28: =1+D28*INDEX(Assumptions!$B$16:$D$16,$C28) -> 1.08 | O28: =IF(D28<1,INDEX(Assumptions!$B$17:$D$17,$C28)*J28*N28,0) -> 0 | P28: =(J28+K28+L28)*N28+O28+M28 -> 16237.44 | Q28: =P28/INDEX(Assumptions!$B$4:$D$4,$C28) -> 324.7488
A29: MongoDB Atlas on GCP | B29: Low | C29: 1 | D29: 0.5 | E29: =INDEX(Assumptions!$B$7:$D$7,$C29)*INDEX(Assumptions!$B$9:$D$9,$C29)/INDEX(Assumptions!$B$10:$D$10,$C29) -> 0.033333333 | F29: =I29*3 -> 6 | G29: =CEILING(MAX(E29/F29,8),8) -> 8 | H29: =INDEX(Assumptions!$B$4:$D$4,$C29)*INDEX(Assumptions!$B$5:$D$5,$C29)*INDEX(Assumptions!$B$13:$D$13,$C29)*(1+INDEX(Assumptions!$B$14:$D$14,$C29)) -> 5500 | I29: =ROUNDUP(H29/(Prices!$D$7*INDEX(Assumptions!$B$20:$D$20,$C29)),0) -> 2 | J29: =F29*IF(G29<=8,Prices!$D$4,IF(G29<=16,Prices!$D$5,Prices!$D$6))*INDEX(Assumptions!$B$8:$D$8,$C29)*(1+INDEX(Assumptions!$B$21:$D$21,$C29))*INDEX(Assumptions!$B$22:$D$22,$C29) -> 9636 | K29: =H29*3*INDEX(Assumptions!$B$23:$D$23,$C29) -> 0 | L29: =H29*INDEX(Assumptions!$B$15:$D$15,$C29)*Prices!$D$8 -> 132 | M29: =INDEX(Assumptions!$B$18:$D$18,$C29)*Prices!$D$26+IF(D29<1,INDEX(Assumptions!$B$19:$D$19,$C29)*Prices!$D$27,0) -> 90 | N29: =1+D29*INDEX(Assumptions!$B$16:$D$16,$C29) -> 1 | O29: =IF(D29<1,INDEX(Assumptions!$B$17:$D$17,$C29)*J29*N29,0) -> 481.8 | P29: =(J29+K29+L29)*N29+O29+M29 -> 10339.8 | Q29: =P29/INDEX(Assumptions!$B$4:$D$4,$C29) -> 206.796
A30: MongoDB Atlas on GCP | B30: Base | C30: 2 | D30: 0.5 | E30: =INDEX(Assumptions!$B$7:$D$7,$C30)*INDEX(Assumptions!$B$9:$D$9,$C30)/INDEX(Assumptions!$B$10:$D$10,$C30) -> 0.066666667 | F30: =I30*3 -> 9 | G30: =CEILING(MAX(E30/F30,8),8) -> 8 | H30: =INDEX(Assumptions!$B$4:$D$4,$C30)*INDEX(Assumptions!$B$5:$D$5,$C30)*INDEX(Assumptions!$B$13:$D$13,$C30)*(1+INDEX(Assumptions!$B$14:$D$14,$C30)) -> 8625 | I30: =ROUNDUP(H30/(Prices!$D$7*INDEX(Assumptions!$B$20:$D$20,$C30)),0) -> 3 | J30: =F30*IF(G30<=8,Prices!$D$4,IF(G30<=16,Prices!$D$5,Prices!$D$6))*INDEX(Assumptions!$B$8:$D$8,$C30)*(1+INDEX(Assumptions!$B$21:$D$21,$C30))*INDEX(Assumptions!$B$22:$D$22,$C30) -> 14454 | K30: =H30*3*INDEX(Assumptions!$B$23:$D$23,$C30) -> 0 | L30: =H30*INDEX(Assumptions!$B$15:$D$15,$C30)*Prices!$D$8 -> 414 | M30: =INDEX(Assumptions!$B$18:$D$18,$C30)*Prices!$D$26+IF(D30<1,INDEX(Assumptions!$B$19:$D$19,$C30)*Prices!$D$27,0) -> 190 | N30: =1+D30*INDEX(Assumptions!$B$16:$D$16,$C30) -> 1.04 | O30: =IF(D30<1,INDEX(Assumptions!$B$17:$D$17,$C30)*J30*N30,0) -> 1503.216 | P30: =(J30+K30+L30)*N30+O30+M30 -> 17155.936 | Q30: =P30/INDEX(Assumptions!$B$4:$D$4,$C30) -> 343.11872
A31: MongoDB Atlas on GCP | B31: High | C31: 3 | D31: 0.5 | E31: =INDEX(Assumptions!$B$7:$D$7,$C31)*INDEX(Assumptions!$B$9:$D$9,$C31)/INDEX(Assumptions!$B$10:$D$10,$C31) -> 0.16 | F31: =I31*3 -> 12 | G31: =CEILING(MAX(E31/F31,8),8) -> 8 | H31: =INDEX(Assumptions!$B$4:$D$4,$C31)*INDEX(Assumptions!$B$5:$D$5,$C31)*INDEX(Assumptions!$B$13:$D$13,$C31)*(1+INDEX(Assumptions!$B$14:$D$14,$C31)) -> 12500 | I31: =ROUNDUP(H31/(Prices!$D$7*INDEX(Assumptions!$B$20:$D$20,$C31)),0) -> 4 | J31: =F31*IF(G31<=8,Prices!$D$4,IF(G31<=16,Prices!$D$5,Prices!$D$6))*INDEX(Assumptions!$B$8:$D$8,$C31)*(1+INDEX(Assumptions!$B$21:$D$21,$C31))*INDEX(Assumptions!$B$22:$D$22,$C31) -> 20235.6 | K31: =H31*3*INDEX(Assumptions!$B$23:$D$23,$C31) -> 1125 | L31: =H31*INDEX(Assumptions!$B$15:$D$15,$C31)*Prices!$D$8 -> 900 | M31: =INDEX(Assumptions!$B$18:$D$18,$C31)*Prices!$D$26+IF(D31<1,INDEX(Assumptions!$B$19:$D$19,$C31)*Prices!$D$27,0) -> 490 | N31: =1+D31*INDEX(Assumptions!$B$16:$D$16,$C31) -> 1.075 | O31: =IF(D31<1,INDEX(Assumptions!$B$17:$D$17,$C31)*J31*N31,0) -> 3262.9905 | P31: =(J31+K31+L31)*N31+O31+M31 -> 27683.136 | Q31: =P31/INDEX(Assumptions!$B$4:$D$4,$C31) -> 553.66271
A32: MongoDB Atlas on GCP | B32: Base EU20% | C32: 2 | D32: 0.2 | E32: =INDEX(Assumptions!$B$7:$D$7,$C32)*INDEX(Assumptions!$B$9:$D$9,$C32)/INDEX(Assumptions!$B$10:$D$10,$C32) -> 0.066666667 | F32: =I32*3 -> 9 | G32: =CEILING(MAX(E32/F32,8),8) -> 8 | H32: =INDEX(Assumptions!$B$4:$D$4,$C32)*INDEX(Assumptions!$B$5:$D$5,$C32)*INDEX(Assumptions!$B$13:$D$13,$C32)*(1+INDEX(Assumptions!$B$14:$D$14,$C32)) -> 8625 | I32: =ROUNDUP(H32/(Prices!$D$7*INDEX(Assumptions!$B$20:$D$20,$C32)),0) -> 3 | J32: =F32*IF(G32<=8,Prices!$D$4,IF(G32<=16,Prices!$D$5,Prices!$D$6))*INDEX(Assumptions!$B$8:$D$8,$C32)*(1+INDEX(Assumptions!$B$21:$D$21,$C32))*INDEX(Assumptions!$B$22:$D$22,$C32) -> 14454 | K32: =H32*3*INDEX(Assumptions!$B$23:$D$23,$C32) -> 0 | L32: =H32*INDEX(Assumptions!$B$15:$D$15,$C32)*Prices!$D$8 -> 414 | M32: =INDEX(Assumptions!$B$18:$D$18,$C32)*Prices!$D$26+IF(D32<1,INDEX(Assumptions!$B$19:$D$19,$C32)*Prices!$D$27,0) -> 190 | N32: =1+D32*INDEX(Assumptions!$B$16:$D$16,$C32) -> 1.016 | O32: =IF(D32<1,INDEX(Assumptions!$B$17:$D$17,$C32)*J32*N32,0) -> 1468.5264 | P32: =(J32+K32+L32)*N32+O32+M32 -> 16764.414 | Q32: =P32/INDEX(Assumptions!$B$4:$D$4,$C32) -> 335.28829
A33: MongoDB Atlas on GCP | B33: Base EU100% | C33: 2 | D33: 1 | E33: =INDEX(Assumptions!$B$7:$D$7,$C33)*INDEX(Assumptions!$B$9:$D$9,$C33)/INDEX(Assumptions!$B$10:$D$10,$C33) -> 0.066666667 | F33: =I33*3 -> 9 | G33: =CEILING(MAX(E33/F33,8),8) -> 8 | H33: =INDEX(Assumptions!$B$4:$D$4,$C33)*INDEX(Assumptions!$B$5:$D$5,$C33)*INDEX(Assumptions!$B$13:$D$13,$C33)*(1+INDEX(Assumptions!$B$14:$D$14,$C33)) -> 8625 | I33: =ROUNDUP(H33/(Prices!$D$7*INDEX(Assumptions!$B$20:$D$20,$C33)),0) -> 3 | J33: =F33*IF(G33<=8,Prices!$D$4,IF(G33<=16,Prices!$D$5,Prices!$D$6))*INDEX(Assumptions!$B$8:$D$8,$C33)*(1+INDEX(Assumptions!$B$21:$D$21,$C33))*INDEX(Assumptions!$B$22:$D$22,$C33) -> 14454 | K33: =H33*3*INDEX(Assumptions!$B$23:$D$23,$C33) -> 0 | L33: =H33*INDEX(Assumptions!$B$15:$D$15,$C33)*Prices!$D$8 -> 414 | M33: =INDEX(Assumptions!$B$18:$D$18,$C33)*Prices!$D$26+IF(D33<1,INDEX(Assumptions!$B$19:$D$19,$C33)*Prices!$D$27,0) -> 180 | N33: =1+D33*INDEX(Assumptions!$B$16:$D$16,$C33) -> 1.08 | O33: =IF(D33<1,INDEX(Assumptions!$B$17:$D$17,$C33)*J33*N33,0) -> 0 | P33: =(J33+K33+L33)*N33+O33+M33 -> 16237.44 | Q33: =P33/INDEX(Assumptions!$B$4:$D$4,$C33) -> 324.7488

Sheet Summary
A1: Summary - monthly cost, 50 tenants x 200 GB, 5,000 queries/min peak, HA. ESTIMATES from public list prices, not quotes.
A3: Provider | B3: Database | C3: Scenario | D3: EU share | E3: Monthly USD | F3: USD per tenant | G3: Price rows / assumptions
A4: AWS | B4: RDS PostgreSQL | C4: Low | D4: =Model!D4 -> 0.5 | E4: =Model!P4 -> 7295.75 | F4: =Model!Q4 -> 145.915 | G4: See Prices rows (source/status col) and Assumptions
A5: AWS | B5: RDS PostgreSQL | C5: Base | D5: =Model!D5 -> 0.5 | E5: =Model!P5 -> 11466.98 | F5: =Model!Q5 -> 229.3396 | G5: See Prices rows (source/status col) and Assumptions
A6: AWS | B6: RDS PostgreSQL | C6: High | D6: =Model!D6 -> 0.5 | E6: =Model!P6 -> 16572 | F6: =Model!Q6 -> 331.44 | G6: See Prices rows (source/status col) and Assumptions
A7: AWS | B7: RDS PostgreSQL | C7: Base EU20% | D7: =Model!D7 -> 0.2 | E7: =Model!P7 -> 11206.742 | F7: =Model!Q7 -> 224.13484 | G7: See Prices rows (source/status col) and Assumptions
A8: AWS | B8: RDS PostgreSQL | C8: Base EU100% | D8: =Model!D8 -> 1 | E8: =Model!P8 -> 11575.35 | F8: =Model!Q8 -> 231.507 | G8: See Prices rows (source/status col) and Assumptions
A9: AWS | B9: Aurora PostgreSQL | C9: Low | D9: =Model!D9 -> 0.5 | E9: =Model!P9 -> 5345.514 | F9: =Model!Q9 -> 106.91028 | G9: See Prices rows (source/status col) and Assumptions
A10: AWS | B10: Aurora PostgreSQL | C10: Base | D10: =Model!D10 -> 0.5 | E10: =Model!P10 -> 7485.8829 | F10: =Model!Q10 -> 149.71766 | G10: See Prices rows (source/status col) and Assumptions
A11: AWS | B11: Aurora PostgreSQL | C11: High | D11: =Model!D11 -> 0.5 | E11: =Model!P11 -> 10069.716 | F11: =Model!Q11 -> 201.39433 | G11: See Prices rows (source/status col) and Assumptions
A12: AWS | B12: Aurora PostgreSQL | C12: Base EU20% | D12: =Model!D12 -> 0.2 | E12: =Model!P12 -> 7317.5164 | F12: =Model!Q12 -> 146.35033 | G12: See Prices rows (source/status col) and Assumptions
A13: AWS | B13: Aurora PostgreSQL | C13: Base EU100% | D13: =Model!D13 -> 1 | E13: =Model!P13 -> 7399.8216 | F13: =Model!Q13 -> 147.99643 | G13: See Prices rows (source/status col) and Assumptions
A14: GCP | B14: Cloud SQL PostgreSQL | C14: Low | D14: =Model!D14 -> 0.5 | E14: =Model!P14 -> 8497.3868 | F14: =Model!Q14 -> 169.94774 | G14: See Prices rows (source/status col) and Assumptions
A15: GCP | B15: Cloud SQL PostgreSQL | C15: Base | D15: =Model!D15 -> 0.5 | E15: =Model!P15 -> 13284.096 | F15: =Model!Q15 -> 265.68192 | G15: See Prices rows (source/status col) and Assumptions
... A33: GCP | B33: MongoDB Atlas on GCP | C33: Base EU100% | D33: =Model!D33 -> 1 | E33: =Model!P33 -> 16237.44 | F33: =Model!Q33 -> 324.7488 | G33: See Prices rows (source/status col) and Assumptions
A35: Check: sum of Summary monthly USD | E35: =SUM(E4:E33) -> 389017.04
