Workbook

Sheet Assignment
A1: Load | B1: Truck | C1: Weight | D1: Miles | F1: Helper (list build) → | G1: =Inputs!A19 -> A | H1: =Inputs!A20 -> B | I1: =Inputs!A21 -> C | J1: =Inputs!A22 -> D
A2: =Inputs!A5 -> L1 | B2: A | C2: =INDEX(Inputs!$B$5:$B$14,MATCH($A2,Inputs!$A$5:$A$14,0)) -> 18000 | D2: =INDEX(Inputs!$C$5:$C$14,MATCH($A2,Inputs!$A$5:$A$14,0)) -> 220 | G2: =IF($B2=G$1,", "&$A2,"") -> , L1 | H2: =IF($B2=H$1,", "&$A2,"") | I2: =IF($B2=I$1,", "&$A2,"") | J2: =IF($B2=J$1,", "&$A2,"")
A3: =Inputs!A6 -> L2 | B3: A | C3: =INDEX(Inputs!$B$5:$B$14,MATCH($A3,Inputs!$A$5:$A$14,0)) -> 12500 | D3: =INDEX(Inputs!$C$5:$C$14,MATCH($A3,Inputs!$A$5:$A$14,0)) -> 340 | G3: =IF($B3=G$1,", "&$A3,"") -> , L2 | H3: =IF($B3=H$1,", "&$A3,"") | I3: =IF($B3=I$1,", "&$A3,"") | J3: =IF($B3=J$1,", "&$A3,"")
A4: =Inputs!A7 -> L3 | B4: D | C4: =INDEX(Inputs!$B$5:$B$14,MATCH($A4,Inputs!$A$5:$A$14,0)) -> 22000 | D4: =INDEX(Inputs!$C$5:$C$14,MATCH($A4,Inputs!$A$5:$A$14,0)) -> 150 | G4: =IF($B4=G$1,", "&$A4,"") | H4: =IF($B4=H$1,", "&$A4,"") | I4: =IF($B4=I$1,", "&$A4,"") | J4: =IF($B4=J$1,", "&$A4,"") -> , L3
A5: =Inputs!A8 -> L4 | B5: C | C5: =INDEX(Inputs!$B$5:$B$14,MATCH($A5,Inputs!$A$5:$A$14,0)) -> 9000 | D5: =INDEX(Inputs!$C$5:$C$14,MATCH($A5,Inputs!$A$5:$A$14,0)) -> 410 | G5: =IF($B5=G$1,", "&$A5,"") | H5: =IF($B5=H$1,", "&$A5,"") | I5: =IF($B5=I$1,", "&$A5,"") -> , L4 | J5: =IF($B5=J$1,", "&$A5,"")
A6: =Inputs!A9 -> L5 | B6: B | C6: =INDEX(Inputs!$B$5:$B$14,MATCH($A6,Inputs!$A$5:$A$14,0)) -> 15500 | D6: =INDEX(Inputs!$C$5:$C$14,MATCH($A6,Inputs!$A$5:$A$14,0)) -> 95 | G6: =IF($B6=G$1,", "&$A6,"") | H6: =IF($B6=H$1,", "&$A6,"") -> , L5 | I6: =IF($B6=I$1,", "&$A6,"") | J6: =IF($B6=J$1,", "&$A6,"")
A7: =Inputs!A10 -> L6 | B7: C | C7: =INDEX(Inputs!$B$5:$B$14,MATCH($A7,Inputs!$A$5:$A$14,0)) -> 7000 | D7: =INDEX(Inputs!$C$5:$C$14,MATCH($A7,Inputs!$A$5:$A$14,0)) -> 280 | G7: =IF($B7=G$1,", "&$A7,"") | H7: =IF($B7=H$1,", "&$A7,"") | I7: =IF($B7=I$1,", "&$A7,"") -> , L6 | J7: =IF($B7=J$1,", "&$A7,"")
A8: =Inputs!A11 -> L7 | B8: B | C8: =INDEX(Inputs!$B$5:$B$14,MATCH($A8,Inputs!$A$5:$A$14,0)) -> 20500 | D8: =INDEX(Inputs!$C$5:$C$14,MATCH($A8,Inputs!$A$5:$A$14,0)) -> 190 | G8: =IF($B8=G$1,", "&$A8,"") | H8: =IF($B8=H$1,", "&$A8,"") -> , L7 | I8: =IF($B8=I$1,", "&$A8,"") | J8: =IF($B8=J$1,", "&$A8,"")
A9: =Inputs!A12 -> L8 | B9: C | C9: =INDEX(Inputs!$B$5:$B$14,MATCH($A9,Inputs!$A$5:$A$14,0)) -> 11000 | D9: =INDEX(Inputs!$C$5:$C$14,MATCH($A9,Inputs!$A$5:$A$14,0)) -> 365 | G9: =IF($B9=G$1,", "&$A9,"") | H9: =IF($B9=H$1,", "&$A9,"") | I9: =IF($B9=I$1,", "&$A9,"") -> , L8 | J9: =IF($B9=J$1,", "&$A9,"")
A10: =Inputs!A13 -> L9 | B10: A | C10: =INDEX(Inputs!$B$5:$B$14,MATCH($A10,Inputs!$A$5:$A$14,0)) -> 14000 | D10: =INDEX(Inputs!$C$5:$C$14,MATCH($A10,Inputs!$A$5:$A$14,0)) -> 120 | G10: =IF($B10=G$1,", "&$A10,"") -> , L9 | H10: =IF($B10=H$1,", "&$A10,"") | I10: =IF($B10=I$1,", "&$A10,"") | J10: =IF($B10=J$1,", "&$A10,"")
A11: =Inputs!A14 -> L10 | B11: B | C11: =INDEX(Inputs!$B$5:$B$14,MATCH($A11,Inputs!$A$5:$A$14,0)) -> 8500 | D11: =INDEX(Inputs!$C$5:$C$14,MATCH($A11,Inputs!$A$5:$A$14,0)) -> 255 | G11: =IF($B11=G$1,", "&$A11,"") | H11: =IF($B11=H$1,", "&$A11,"") -> , L10 | I11: =IF($B11=I$1,", "&$A11,"") | J11: =IF($B11=J$1,", "&$A11,"")
A13: Edit the yellow Truck cells (B2:B11) to try other plans; Weight and Miles are looked up from Inputs by formula. Columns G:J are helpers for the load lists on the Cost sheet.

Sheet Inputs
A1: Inputs — carrier load/truck data (source: task statement; blue = hard-coded input)
A3: Load table
A4: Load ID | B4: Weight (lb) | C4: Miles
A5: L1 | B5: 18000 | C5: 220
A6: L2 | B6: 12500 | C6: 340
A7: L3 | B7: 22000 | C7: 150
A8: L4 | B8: 9000 | C8: 410
A9: L5 | B9: 15500 | C9: 95
A10: L6 | B10: 7000 | C10: 280
A11: L7 | B11: 20500 | C11: 190
A12: L8 | B12: 11000 | C12: 365
A13: L9 | B13: 14000 | C13: 120
A14: L10 | B14: 8500 | C14: 255
A17: Truck table
A18: Truck | B18: Capacity (lb) | C18: Mileage limit | D18: Fixed $/day | E18: Rate $/mile
A19: A | B19: 45000 | C19: 1100 | D19: 350 | E19: 2.1
A20: B | B20: 45000 | C20: 1100 | D20: 350 | E20: 2.1
A21: C | B21: 30000 | C21: 1100 | D21: 500 | E21: 1.85
A22: D | B22: 26000 | C22: 900 | D22: 275 | E22: 2.45

Sheet Cost
A1: Truck | B1: Weight | C1: Miles | D1: Loads count | E1: Used | F1: Weight OK | G1: Miles OK | H1: Fixed | I1: Variable | J1: Truck cost | K1: Loads
A2: =Inputs!A19 -> A | B2: =SUMIF(Assignment!$B$2:$B$11,$A2,Assignment!$C$2:$C$11) -> 44500 | C2: =SUMIF(Assignment!$B$2:$B$11,$A2,Assignment!$D$2:$D$11) -> 680 | D2: =COUNTIF(Assignment!$B$2:$B$11,$A2) -> 3 | E2: =IF(D2>0,"Yes","No") -> Yes | F2: =IF(B2<=Inputs!B19,"OK","OVER") -> OK | G2: =IF(C2<=Inputs!C19,"OK","OVER") -> OK | H2: =IF(E2="Yes",Inputs!D19,0) -> 350 | I2: =Inputs!E19*C2 -> 1428 | J2: =H2+I2 -> 1778 | K2: =MID(Assignment!G2&Assignment!G3&Assignment!G4&Assignment!G5&Assignment!G6&Assignment!G7&Assignment!G8&Assignment!G9&Assignment!G10&Assignment!G11,3,200) -> L1, L2, L9
A3: =Inputs!A20 -> B | B3: =SUMIF(Assignment!$B$2:$B$11,$A3,Assignment!$C$2:$C$11) -> 44500 | C3: =SUMIF(Assignment!$B$2:$B$11,$A3,Assignment!$D$2:$D$11) -> 540 | D3: =COUNTIF(Assignment!$B$2:$B$11,$A3) -> 3 | E3: =IF(D3>0,"Yes","No") -> Yes | F3: =IF(B3<=Inputs!B20,"OK","OVER") -> OK | G3: =IF(C3<=Inputs!C20,"OK","OVER") -> OK | H3: =IF(E3="Yes",Inputs!D20,0) -> 350 | I3: =Inputs!E20*C3 -> 1134 | J3: =H3+I3 -> 1484 | K3: =MID(Assignment!H2&Assignment!H3&Assignment!H4&Assignment!H5&Assignment!H6&Assignment!H7&Assignment!H8&Assignment!H9&Assignment!H10&Assignment!H11,3,200) -> L5, L7, L10
A4: =Inputs!A21 -> C | B4: =SUMIF(Assignment!$B$2:$B$11,$A4,Assignment!$C$2:$C$11) -> 27000 | C4: =SUMIF(Assignment!$B$2:$B$11,$A4,Assignment!$D$2:$D$11) -> 1055 | D4: =COUNTIF(Assignment!$B$2:$B$11,$A4) -> 3 | E4: =IF(D4>0,"Yes","No") -> Yes | F4: =IF(B4<=Inputs!B21,"OK","OVER") -> OK | G4: =IF(C4<=Inputs!C21,"OK","OVER") -> OK | H4: =IF(E4="Yes",Inputs!D21,0) -> 500 | I4: =Inputs!E21*C4 -> 1951.75 | J4: =H4+I4 -> 2451.75 | K4: =MID(Assignment!I2&Assignment!I3&Assignment!I4&Assignment!I5&Assignment!I6&Assignment!I7&Assignment!I8&Assignment!I9&Assignment!I10&Assignment!I11,3,200) -> L4, L6, L8
A5: =Inputs!A22 -> D | B5: =SUMIF(Assignment!$B$2:$B$11,$A5,Assignment!$C$2:$C$11) -> 22000 | C5: =SUMIF(Assignment!$B$2:$B$11,$A5,Assignment!$D$2:$D$11) -> 150 | D5: =COUNTIF(Assignment!$B$2:$B$11,$A5) -> 1 | E5: =IF(D5>0,"Yes","No") -> Yes | F5: =IF(B5<=Inputs!B22,"OK","OVER") -> OK | G5: =IF(C5<=Inputs!C22,"OK","OVER") -> OK | H5: =IF(E5="Yes",Inputs!D22,0) -> 275 | I5: =Inputs!E22*C5 -> 367.5 | J5: =H5+I5 -> 642.5 | K5: =MID(Assignment!J2&Assignment!J3&Assignment!J4&Assignment!J5&Assignment!J6&Assignment!J7&Assignment!J8&Assignment!J9&Assignment!J10&Assignment!J11,3,200) -> L3
A6: Total | B6: =SUM(B2:B5) -> 138000 | C6: =SUM(C2:C5) -> 2425 | D6: =SUM(D2:D5) -> 10 | F6: =IF(COUNTIF(F2:F5,"OK")=4,"OK","CHECK") -> OK | G6: =IF(COUNTIF(G2:G5,"OK")=4,"OK","CHECK") -> OK | H6: =SUM(H2:H5) -> 1475 | I6: =SUM(I2:I5) -> 4881.25 | J6: =SUM(J2:J5) -> 6356.25
A8: TOTAL COST | B8: =J6 -> 6356.25
A10: Checks
A11: Loads assigned (COUNTA of assignments = 10) | B11: =COUNTA(Assignment!B2:B11) -> 10 | C11: =IF(B11=COUNTA(Inputs!A5:A14),"OK","CHECK") -> OK
A12: Assignments with a valid truck letter | B12: =SUMPRODUCT(COUNTIF(Inputs!A19:A22,Assignment!B2:B11)) -> 10 | C12: =IF(B12=COUNTA(Inputs!A5:A14),"OK","CHECK") -> OK
A13: Sum of per-truck load counts (each load exactly once) | B13: =D6 -> 10 | C13: =IF(B13=COUNTA(Inputs!A5:A14),"OK","CHECK") -> OK
A14: Total weight assigned = total weight of loads | B14: =B6 -> 138000 | C14: =IF(B14=SUM(Inputs!B5:B14),"OK","CHECK") -> OK
A15: Weight limits, all trucks | B15: =COUNTIF(F2:F5,"OK") -> 4 | C15: =IF(B15=4,"OK","CHECK") -> OK
A16: Mileage limits, all trucks | B16: =COUNTIF(G2:G5,"OK") -> 4 | C16: =IF(B16=4,"OK","CHECK") -> OK
A17: ALL CHECKS | C17: =IF(COUNTIF(C11:C16,"OK")=6,"OK","CHECK") -> OK
A18: Total cost equals solver optimum (Optimality!B5) | C18: =IF(ABS(B8-Optimality!B5)<0.005,"OK","DIFFERS") -> OK

Sheet Optimality
A1: Optimality evidence — SOLVER OUTPUT (hard-coded text/values from solution.json; not recomputed by this workbook)
A3: Method | B3: Exhaustive enumeration of all 4^10 = 1,048,576 assignments; no pruning
A4: Feasible assignments (weight & mileage OK) | B4: 452
A5: Optimal cost (solver) | B5: 6356.25
A6: Number of optimal assignments | B6: 2
A7: Next-best distinct cost (solver) | B7: 6362.5
A8: Assignments at next-best cost | B8: 6
A9: Margin to next-best (formula) | B9: =B7-B5 -> 6.25
A10: Workbook total cost (formula) | B10: =Cost!B8 -> 6356.25
A11: Workbook total = solver optimum? | B11: =IF(ABS(B10-B5)<0.005,"OK","DIFFERS") -> OK
A13: Distinct cost levels (solver top 5)
A14: Cost | B14: Assignments
A15: 6356.25 | B15: 2
A16: 6362.5 | B16: 6
A17: 6368.75 | B17: 4
A18: 6376.5 | B18: 4
A19: 6382.75 | B19: 4
A21: All four trucks are needed (inputs-based formulas)
A22: Total load weight (lb) | B22: =SUM(Inputs!B5:B14) -> 138000
A23: Three largest capacities (lb) | B23: =LARGE(Inputs!B19:B22,1)+LARGE(Inputs!B19:B22,2)+LARGE(Inputs!B19:B22,3) -> 120000
A24: Three trucks enough? | B24: =IF(B23>=B22,"Yes","No – all 4 trucks required") -> No – all 4 trucks required
A25: Fixed cost of all four trucks | B25: =SUM(Inputs!D19:D22) -> 1475
A27: Solver notes (text)
A28: Total load weight 138,000 lb > 120,000 lb (three largest capacities), so every feasible plan uses all four trucks; fixed cost is therefore always $1,475.00 and only variable cost is optimised.
A29: Trucks A and B are identical, so the 2 optimal assignments are a mirror pair (A and B load sets swapped); C = {L4, L6, L8}, D = {L3} in both. Up to the A/B swap the optimum is unique.
A30: Optimal plan: A = L1, L2, L9; B = L5, L7, L10; C = L4, L6, L8; D = L3. Source: solution.json (exact Fraction arithmetic).
